measure_id,measure_name,location_id,location_name,sex_id,sex_name,age_id,age_name,metric_id,metric_name,year,val,upper,lower
44,Population,74,Andorra,3,Both,22,All ages,1,Number,2010,84023.0706112803,84685.62071467887,83337.16942123875
44,Population,74,Andorra,3,Both,22,All ages,1,Number,2011,78211.4540528427,78836.42162930114,77628.14010542256
44,Population,74,Andorra,3,Both,22,All ages,1,Number,2012,76154.28130441906,76768.33005773704,75543.79301027468
44,Population,74,Andorra,3,Both,22,All ages,1,Number,2013,75946.87603880775,76596.82374837877,75307.46097162379
44,Population,74,Andorra,3,Both,22,All ages,1,Number,2014,76758.2303538974,77391.22066992323,76141.93069509383
44,Population,74,Andorra,3,Both,22,All ages,1,Number,2015,77744.10725735573,78362.02969719958,77128.84857371116
44,Population,74,Andorra,3,Both,22,All ages,1,Number,2016,78212.04628529414,78908.80671818282,77565.62390267344
44,Population,74,Andorra,3,Both,22,All ages,1,Number,2017,79983.97167329288,80650.2047855597,79314.79926059254
44,Population,74,Andorra,3,Both,22,All ages,1,Number,2018,81596.92642515179,87610.29421005095,75353.8614748511
44,Population,74,Andorra,3,Both,22,All ages,1,Number,2019,83064.77460810871,89692.25016242296,76172.64077532387
44,Population,74,Andorra,3,Both,22,All ages,1,Number,2020,84395.96609193749,92187.61007967021,76705.1087609449
44,Population,74,Andorra,3,Both,22,All ages,1,Number,2021,85593.33340106082,94311.4048947874,77569.30048696903
44,Population,76,Belgium,3,Both,22,All ages,1,Number,2010,10875113.51980531,10956448.358839002,10797828.888349717
44,Population,76,Belgium,3,Both,22,All ages,1,Number,2011,10957234.686594874,11042241.174536532,10870093.027952624
44,Population,76,Belgium,3,Both,22,All ages,1,Number,2012,11034366.580270821,11124914.136009412,10951233.230789045
44,Population,76,Belgium,3,Both,22,All ages,1,Number,2013,11103696.411279252,11189766.414739382,11016077.914475622
44,Population,76,Belgium,3,Both,22,All ages,1,Number,2014,11166912.125908675,11252923.656261528,11082154.094700959
44,Population,76,Belgium,3,Both,22,All ages,1,Number,2015,11225082.639992345,11312537.78035725,11137261.293438137
44,Population,76,Belgium,3,Both,22,All ages,1,Number,2016,11278768.376291286,11369543.292997308,11183893.08702759
44,Population,76,Belgium,3,Both,22,All ages,1,Number,2017,11328577.079371339,11419412.792059539,11233788.55740665
44,Population,76,Belgium,3,Both,22,All ages,1,Number,2018,11373843.806287566,12213477.768686425,10527768.629581667
44,Population,76,Belgium,3,Both,22,All ages,1,Number,2019,11414813.877727661,12313406.985816127,10532777.768901886
44,Population,76,Belgium,3,Both,22,All ages,1,Number,2020,11443596.726782752,12456350.6963416,10478283.823528472
44,Population,76,Belgium,3,Both,22,All ages,1,Number,2021,11469271.627594747,12561517.087056167,10320426.203546602
44,Population,75,Austria,3,Both,22,All ages,1,Number,2010,8371235.230638484,8435972.33790934,8300430.035141157
44,Population,75,Austria,3,Both,22,All ages,1,Number,2011,8401727.693910591,8479526.000195794,8338028.767893391
44,Population,75,Austria,3,Both,22,All ages,1,Number,2012,8445172.568942396,8511590.508339133,8376347.553937701
44,Population,75,Austria,3,Both,22,All ages,1,Number,2013,8503333.248894738,8568624.889482852,8432934.59818583
44,Population,75,Austria,3,Both,22,All ages,1,Number,2014,8576947.87772753,8646713.315490725,8501486.687696557
44,Population,75,Austria,3,Both,22,All ages,1,Number,2015,8661713.099458406,8728546.283140244,8593273.522550216
44,Population,75,Austria,3,Both,22,All ages,1,Number,2016,8740810.768010741,8812613.587023571,8671056.78638929
44,Population,75,Austria,3,Both,22,All ages,1,Number,2017,8798413.23290697,8865218.432025198,8732326.912842255
44,Population,75,Austria,3,Both,22,All ages,1,Number,2018,8851383.358386008,9495206.752003819,8211294.287746535
44,Population,75,Austria,3,Both,22,All ages,1,Number,2019,8900697.112873936,9649796.183469139,8155316.142129742
44,Population,75,Austria,3,Both,22,All ages,1,Number,2020,8943873.542124605,9710512.404434174,8168043.217459962
44,Population,75,Austria,3,Both,22,All ages,1,Number,2021,8982311.518103808,9783179.790661575,8089482.124785809
44,Population,78,Denmark,3,Both,22,All ages,1,Number,2010,5535258.915433752,5581565.27061849,5487141.092839872
44,Population,78,Denmark,3,Both,22,All ages,1,Number,2011,5560433.889264239,5608856.624537153,5512408.928107515
44,Population,78,Denmark,3,Both,22,All ages,1,Number,2012,5585431.675454786,5632673.132869729,5535632.770523018
44,Population,78,Denmark,3,Both,22,All ages,1,Number,2013,5611485.102562664,5660913.2798450785,5562566.201086614
44,Population,78,Denmark,3,Both,22,All ages,1,Number,2014,5640347.071075213,5690556.20840965,5592401.779495441
44,Population,78,Denmark,3,Both,22,All ages,1,Number,2015,5672834.772605839,5724098.056470012,5618599.349591685
44,Population,78,Denmark,3,Both,22,All ages,1,Number,2016,5707416.248779936,5756189.452166278,5657006.3948966535
44,Population,78,Denmark,3,Both,22,All ages,1,Number,2017,5741241.878270696,5790831.918994362,5689466.590250023
44,Population,78,Denmark,3,Both,22,All ages,1,Number,2018,5772104.057698051,6211792.6123991925,5354607.370677226
44,Population,78,Denmark,3,Both,22,All ages,1,Number,2019,5800319.345882909,6259681.209937163,5327670.678950551
44,Population,78,Denmark,3,Both,22,All ages,1,Number,2020,5826972.549813302,6345427.684885284,5266099.580279816
44,Population,78,Denmark,3,Both,22,All ages,1,Number,2021,5851783.434464665,6409247.068418468,5304858.107733227
44,Population,77,Cyprus,3,Both,22,All ages,1,Number,2010,1121754.663175584,1206758.4420692327,1035236.2994772561
44,Population,77,Cyprus,3,Both,22,All ages,1,Number,2011,1144941.1200895493,1221908.530978342,1061700.2829154353
44,Population,77,Cyprus,3,Both,22,All ages,1,Number,2012,1167784.7898193775,1253914.1539365102,1075875.2157671545
44,Population,77,Cyprus,3,Both,22,All ages,1,Number,2013,1190337.971656045,1285849.752575534,1091838.8945036193
44,Population,77,Cyprus,3,Both,22,All ages,1,Number,2014,1212677.9946817192,1317696.4062501804,1105719.792432723
44,Population,77,Cyprus,3,Both,22,All ages,1,Number,2015,1234826.566353611,1345537.53226392,1120450.5359586542
44,Population,77,Cyprus,3,Both,22,All ages,1,Number,2016,1256773.1308611196,1387752.7328302811,1128945.8724421782
44,Population,77,Cyprus,3,Both,22,All ages,1,Number,2017,1278319.8133490647,1408735.146625223,1153122.6065831848
44,Population,77,Cyprus,3,Both,22,All ages,1,Number,2018,1299218.068796385,1448450.6734112704,1143886.8294821088
44,Population,77,Cyprus,3,Both,22,All ages,1,Number,2019,1319376.8318325242,1482838.9020173426,1167323.389303505
44,Population,77,Cyprus,3,Both,22,All ages,1,Number,2020,1338917.4551925461,1503649.594909984,1177645.276503084
44,Population,77,Cyprus,3,Both,22,All ages,1,Number,2021,1357775.9459904504,1539457.040897745,1173239.9200403376
44,Population,79,Finland,3,Both,22,All ages,1,Number,2010,5382722.053473546,5424484.16119712,5342456.451978071
44,Population,79,Finland,3,Both,22,All ages,1,Number,2011,5408003.813382958,5453758.651870672,5365567.808793107
44,Population,79,Finland,3,Both,22,All ages,1,Number,2012,5432394.562018456,5473019.060739139,5391920.859769056
44,Population,79,Finland,3,Both,22,All ages,1,Number,2013,5455309.618006278,5503593.612720795,5409829.388434559
44,Population,79,Finland,3,Both,22,All ages,1,Number,2014,5476274.270904564,5520473.612652681,5434499.456739744
44,Population,79,Finland,3,Both,22,All ages,1,Number,2015,5494485.9959961455,5535732.3447805,5451012.96341974
44,Population,79,Finland,3,Both,22,All ages,1,Number,2016,5509000.384744978,5554122.905739921,5462965.8102799505
44,Population,79,Finland,3,Both,22,All ages,1,Number,2017,5519494.77939073,5563363.456224413,5474829.372783473
44,Population,79,Finland,3,Both,22,All ages,1,Number,2018,5526346.187909021,5925008.21177316,5119674.085027972
44,Population,79,Finland,3,Both,22,All ages,1,Number,2019,5530695.063863589,5988378.599057636,5083333.816900142
44,Population,79,Finland,3,Both,22,All ages,1,Number,2020,5533961.408037078,6021445.709177422,5062698.866625163
44,Population,79,Finland,3,Both,22,All ages,1,Number,2021,5535925.357873723,6058490.194411056,4950309.580391364
44,Population,80,France,3,Both,22,All ages,1,Number,2010,63752631.03767817,67986904.12735128,59530395.354404695
44,Population,80,France,3,Both,22,All ages,1,Number,2011,64072217.438966505,68446735.42312294,59564841.04002456
44,Population,80,France,3,Both,22,All ages,1,Number,2012,64386351.390201285,69034301.50225149,59625101.4903167
44,Population,80,France,3,Both,22,All ages,1,Number,2013,64696997.58677672,68755026.22078472,60326634.909026064
44,Population,80,France,3,Both,22,All ages,1,Number,2014,65003341.47019598,69526375.39151971,60405238.18852861
44,Population,80,France,3,Both,22,All ages,1,Number,2015,65285565.39074452,69794522.41109087,60772203.81817527
44,Population,80,France,3,Both,22,All ages,1,Number,2016,65533863.35771242,70524811.80804716,60725578.93066436
44,Population,80,France,3,Both,22,All ages,1,Number,2017,65756774.92133777,71184646.64950983,60179735.970747665
44,Population,80,France,3,Both,22,All ages,1,Number,2018,65959312.498046994,71178469.43705064,60616701.460303195
44,Population,80,France,3,Both,22,All ages,1,Number,2019,66143081.95773777,72367363.24936326,60037592.458031096
44,Population,80,France,3,Both,22,All ages,1,Number,2020,66281784.05316869,72975885.63286719,60015111.881309316
44,Population,80,France,3,Both,22,All ages,1,Number,2021,66389876.7366756,73473154.47333284,59549226.11453703
44,Population,83,Iceland,3,Both,22,All ages,1,Number,2010,318440.55517745175,320990.5530534367,315912.94130909536
44,Population,83,Iceland,3,Both,22,All ages,1,Number,2011,319341.42764362984,321934.78872706054,316706.5229449669
44,Population,83,Iceland,3,Both,22,All ages,1,Number,2012,320606.15447544295,323159.37364895776,317854.40782880946
44,Population,83,Iceland,3,Both,22,All ages,1,Number,2013,322742.39956537564,325304.8977562018,319681.40006933454
44,Population,83,Iceland,3,Both,22,All ages,1,Number,2014,325790.49473727786,328466.58657771413,322942.1963266937
44,Population,83,Iceland,3,Both,22,All ages,1,Number,2015,329409.688604045,332411.7575422503,326670.3862383871
44,Population,83,Iceland,3,Both,22,All ages,1,Number,2016,333385.3303937509,336233.2492417848,330522.3511991394
44,Population,83,Iceland,3,Both,22,All ages,1,Number,2017,337480.8753095621,340235.9064317852,334775.464848497
44,Population,83,Iceland,3,Both,22,All ages,1,Number,2018,341068.6398477169,366668.972913283,315918.1648949125
44,Population,83,Iceland,3,Both,22,All ages,1,Number,2019,344346.67934305733,372633.32830280636,316395.6087387062
44,Population,83,Iceland,3,Both,22,All ages,1,Number,2020,347445.6635896917,377109.9721341703,314818.0311040492
44,Population,83,Iceland,3,Both,22,All ages,1,Number,2021,350385.939370038,384038.9244699498,317809.6111295208
44,Population,367,Monaco,3,Both,22,All ages,1,Number,2010,35728.95246641755,39455.55567805208,31839.696732438664
44,Population,367,Monaco,3,Both,22,All ages,1,Number,2011,35988.154252515946,39469.12218639825,32427.56929785721
44,Population,367,Monaco,3,Both,22,All ages,1,Number,2012,36242.564169695106,39605.80584230553,33007.610903623536
44,Population,367,Monaco,3,Both,22,All ages,1,Number,2013,36485.54994676139,39705.601248652616,33258.53140173137
44,Population,367,Monaco,3,Both,22,All ages,1,Number,2014,36707.12038974805,39612.00085574637,33764.69486255224
44,Population,367,Monaco,3,Both,22,All ages,1,Number,2015,36932.9461236157,39771.150159977056,34104.52939785085
44,Population,367,Monaco,3,Both,22,All ages,1,Number,2016,37163.72362841904,39769.72373232974,34556.549131318396
44,Population,367,Monaco,3,Both,22,All ages,1,Number,2017,37319.57404721845,40006.51143039079,34521.18627535834
44,Population,367,Monaco,3,Both,22,All ages,1,Number,2018,37483.31193703193,40396.64995394292,34358.165525374614
44,Population,367,Monaco,3,Both,22,All ages,1,Number,2019,37650.21465185172,40842.51276669763,34321.171535742666
44,Population,367,Monaco,3,Both,22,All ages,1,Number,2020,37785.614399823775,41409.98839192107,34483.00045242353
44,Population,367,Monaco,3,Both,22,All ages,1,Number,2021,37863.4503420581,41437.0409750515,34284.375045827066
44,Population,87,Luxembourg,3,Both,22,All ages,1,Number,2010,502746.14850798086,506785.5458273546,498747.6469767198
44,Population,87,Luxembourg,3,Both,22,All ages,1,Number,2011,512867.0102223596,517252.7272327093,508542.61964853236
44,Population,87,Luxembourg,3,Both,22,All ages,1,Number,2012,524852.4552426422,529038.9803300077,520390.89190899616
44,Population,87,Luxembourg,3,Both,22,All ages,1,Number,2013,537332.934729484,541965.1678263136,532712.5529418534
44,Population,87,Luxembourg,3,Both,22,All ages,1,Number,2014,549996.6245826397,554589.2440977246,544814.4069611676
44,Population,87,Luxembourg,3,Both,22,All ages,1,Number,2015,563104.3500564175,567827.8500136258,558175.73934283
44,Population,87,Luxembourg,3,Both,22,All ages,1,Number,2016,576702.4126243375,581251.7728337389,571548.8332177023
44,Population,87,Luxembourg,3,Both,22,All ages,1,Number,2017,590823.0314914143,596108.0347672618,585747.1397312096
44,Population,87,Luxembourg,3,Both,22,All ages,1,Number,2018,604642.8982145245,646005.0153272098,557721.3532948531
44,Population,87,Luxembourg,3,Both,22,All ages,1,Number,2019,618181.0913691745,665976.2729429288,567783.1962773774
44,Population,87,Luxembourg,3,Both,22,All ages,1,Number,2020,631369.0801908135,685127.9767004913,573379.5084174854
44,Population,87,Luxembourg,3,Both,22,All ages,1,Number,2021,644266.3476050614,702805.8413199479,588942.4492048689
44,Population,84,Ireland,3,Both,22,All ages,1,Number,2010,4598719.2213058965,4975979.286433083,4233370.382812367
44,Population,84,Ireland,3,Both,22,All ages,1,Number,2011,4656749.832477983,4943866.716594725,4338463.932559483
44,Population,84,Ireland,3,Both,22,All ages,1,Number,2012,4705516.131042614,5055630.325451341,4352405.841891555
44,Population,84,Ireland,3,Both,22,All ages,1,Number,2013,4746050.477690763,5122292.650862054,4376147.835639788
44,Population,84,Ireland,3,Both,22,All ages,1,Number,2014,4780078.822950228,5169063.455475799,4406081.244699522
44,Population,84,Ireland,3,Both,22,All ages,1,Number,2015,4809323.064564508,5184233.500823927,4450076.366539374
44,Population,84,Ireland,3,Both,22,All ages,1,Number,2016,4835047.627183104,5184565.009565493,4472152.018811827
44,Population,84,Ireland,3,Both,22,All ages,1,Number,2017,4859187.970217684,5216108.461607771,4517814.275966427
44,Population,84,Ireland,3,Both,22,All ages,1,Number,2018,4882273.721497661,5287284.024788576,4501555.389163723
44,Population,84,Ireland,3,Both,22,All ages,1,Number,2019,4903560.717317821,5348525.510380525,4477479.264307464
44,Population,84,Ireland,3,Both,22,All ages,1,Number,2020,4923036.214081729,5398331.422055674,4457483.472844008
44,Population,84,Ireland,3,Both,22,All ages,1,Number,2021,4941374.273902571,5452076.759186971,4419867.804188848
44,Population,35,Georgia,3,Both,22,All ages,1,Number,2010,3995395.686890197,4370947.193284477,3621462.111750436
44,Population,35,Georgia,3,Both,22,All ages,1,Number,2011,3946979.859593731,4287681.961557381,3608431.508706317
44,Population,35,Georgia,3,Both,22,All ages,1,Number,2012,3902287.425020786,4217500.638334686,3580421.8791204346
44,Population,35,Georgia,3,Both,22,All ages,1,Number,2013,3862323.681640455,4142322.8980062567,3573004.0752761406
44,Population,35,Georgia,3,Both,22,All ages,1,Number,2014,3827051.907690773,4088181.7423272054,3557340.540808401
44,Population,35,Georgia,3,Both,22,All ages,1,Number,2015,3794220.85757176,4094088.384914056,3512741.3784400946
44,Population,35,Georgia,3,Both,22,All ages,1,Number,2016,3761766.082041678,4049786.9037897084,3448759.6165400026
44,Population,35,Georgia,3,Both,22,All ages,1,Number,2017,3730713.517586269,4088663.5378355617,3409654.443561273
44,Population,35,Georgia,3,Both,22,All ages,1,Number,2018,3702039.806345135,4047044.1551979547,3354993.9875957235
44,Population,35,Georgia,3,Both,22,All ages,1,Number,2019,3674788.795715834,4054489.6784305978,3315188.1550039505
44,Population,35,Georgia,3,Both,22,All ages,1,Number,2020,3644844.0373776373,4023662.7314787563,3291629.2631721846
44,Population,35,Georgia,3,Both,22,All ages,1,Number,2021,3607286.2933947025,4005233.185534262,3199616.8927860474
44,Population,82,Greece,3,Both,22,All ages,1,Number,2010,11072828.589967525,11815719.43529608,10300588.058917327
44,Population,82,Greece,3,Both,22,All ages,1,Number,2011,11010374.792490829,11735645.637472242,10255961.156181373
44,Population,82,Greece,3,Both,22,All ages,1,Number,2012,10907175.070001833,11746747.984884262,10114947.478107648
44,Population,82,Greece,3,Both,22,All ages,1,Number,2013,10787370.535465885,11633811.33830587,9911230.481768472
44,Population,82,Greece,3,Both,22,All ages,1,Number,2014,10677819.88303397,11659089.867361493,9725459.329421965
44,Population,82,Greece,3,Both,22,All ages,1,Number,2015,10575607.996562105,11583542.552388648,9563266.006955998
44,Population,82,Greece,3,Both,22,All ages,1,Number,2016,10497120.273701336,11530658.427635495,9390296.094729355
44,Population,82,Greece,3,Both,22,All ages,1,Number,2017,10439107.268675525,11504285.467701064,9392598.598331757
44,Population,82,Greece,3,Both,22,All ages,1,Number,2018,10378824.21748865,11533735.033053646,9213918.88193637
44,Population,82,Greece,3,Both,22,All ages,1,Number,2019,10316652.260405844,11466505.07986265,9052619.923692934
44,Population,82,Greece,3,Both,22,All ages,1,Number,2020,10250327.80276084,11444224.309558632,8909618.22610641
44,Population,82,Greece,3,Both,22,All ages,1,Number,2021,10174910.315580327,11509009.311934695,8728481.000641957
44,Population,81,Germany,3,Both,22,All ages,1,Number,2010,81640320.91181792,82403403.35408473,80935552.27059904
44,Population,81,Germany,3,Both,22,All ages,1,Number,2011,81554393.01509894,82267321.25605226,80824017.59920193
44,Population,81,Germany,3,Both,22,All ages,1,Number,2012,81655393.19946052,82439944.2930355,80913461.87077346
44,Population,81,Germany,3,Both,22,All ages,1,Number,2013,81925729.68668272,82640311.275675,81214230.80898267
44,Population,81,Germany,3,Both,22,All ages,1,Number,2014,82360213.38446552,83121958.45254928,81631362.97432797
44,Population,81,Germany,3,Both,22,All ages,1,Number,2015,82887906.27990586,83611675.04906283,82130516.80291955
44,Population,81,Germany,3,Both,22,All ages,1,Number,2016,83468572.36467578,84184668.12234758,82684798.72294421
44,Population,81,Germany,3,Both,22,All ages,1,Number,2017,84130985.98875205,90263222.48814191,77990548.4457257
44,Population,81,Germany,3,Both,22,All ages,1,Number,2018,84641239.75165501,91733639.62907451,77588271.64994493
44,Population,81,Germany,3,Both,22,All ages,1,Number,2019,84955597.99363859,92265978.1609624,77725297.30081898
44,Population,81,Germany,3,Both,22,All ages,1,Number,2020,85202428.48013434,93022186.87227398,77264142.35687277
44,Population,81,Germany,3,Both,22,All ages,1,Number,2021,85371847.51614104,93978840.99584109,76247521.05928843
44,Population,33,Armenia,3,Both,22,All ages,1,Number,2010,3113961.5156953614,3349972.543604965,2881084.6736475136
44,Population,33,Armenia,3,Both,22,All ages,1,Number,2011,3100954.455037213,3302894.699861432,2887070.0159072373
44,Population,33,Armenia,3,Both,22,All ages,1,Number,2012,3089193.7825486124,3321938.0479844357,2872715.004029289
44,Population,33,Armenia,3,Both,22,All ages,1,Number,2013,3078763.0525094597,3318631.59007282,2846861.2974957996
44,Population,33,Armenia,3,Both,22,All ages,1,Number,2014,3069112.5545723755,3359485.207759526,2797029.474851477
44,Population,33,Armenia,3,Both,22,All ages,1,Number,2015,3059492.2801506794,3356687.7514287345,2791545.2140183663
44,Population,33,Armenia,3,Both,22,All ages,1,Number,2016,3049758.932839646,3380895.758653413,2743724.43035177
44,Population,33,Armenia,3,Both,22,All ages,1,Number,2017,3040742.4766547224,3364399.780278592,2717840.4090163573
44,Population,33,Armenia,3,Both,22,All ages,1,Number,2018,3032658.9196673334,3382014.902081497,2704225.165674587
44,Population,33,Armenia,3,Both,22,All ages,1,Number,2019,3024838.4141894192,3391646.142751174,2656403.0227476293
44,Population,33,Armenia,3,Both,22,All ages,1,Number,2020,3011472.183538901,3385340.926807808,2641742.6131686056
44,Population,33,Armenia,3,Both,22,All ages,1,Number,2021,2995279.7135873693,3376266.7420489728,2604674.3959312374
44,Population,91,Portugal,3,Both,22,All ages,1,Number,2010,10790822.38766021,11537316.546745835,10028135.845531305
44,Population,91,Portugal,3,Both,22,All ages,1,Number,2011,10789999.137193613,11531802.259869892,10088161.244508466
44,Population,91,Portugal,3,Both,22,All ages,1,Number,2012,10782616.54961685,11605203.15982455,10047314.64202722
44,Population,91,Portugal,3,Both,22,All ages,1,Number,2013,10769774.137037156,11707740.441964662,9935867.79486659
44,Population,91,Portugal,3,Both,22,All ages,1,Number,2014,10755055.057952676,11670290.499294529,9804574.19572799
44,Population,91,Portugal,3,Both,22,All ages,1,Number,2015,10740522.94806559,11742667.350770095,9671739.621076427
44,Population,91,Portugal,3,Both,22,All ages,1,Number,2016,10725395.53005923,11765775.112855786,9653826.107180687
44,Population,91,Portugal,3,Both,22,All ages,1,Number,2017,10708888.554888492,11885865.44330016,9558265.914445834
44,Population,91,Portugal,3,Both,22,All ages,1,Number,2018,10690818.564828139,11902691.043371597,9511097.684395134
44,Population,91,Portugal,3,Both,22,All ages,1,Number,2019,10670571.174643056,11930606.077432718,9450272.505458632
44,Population,91,Portugal,3,Both,22,All ages,1,Number,2020,10643096.685539378,12002985.131187353,9408122.698958982
44,Population,91,Portugal,3,Both,22,All ages,1,Number,2021,10607848.701904865,12049063.551538024,9229894.009939823
44,Population,88,Malta,3,Both,22,All ages,1,Number,2010,424116.8321717432,455455.0763332043,391108.9347032208
44,Population,88,Malta,3,Both,22,All ages,1,Number,2011,426087.78896586713,457204.06255264493,396755.81015287916
44,Population,88,Malta,3,Both,22,All ages,1,Number,2012,427918.6424259441,460497.5018636503,394252.0759412355
44,Population,88,Malta,3,Both,22,All ages,1,Number,2013,429670.13062283676,463584.9264282022,393267.08789772383
44,Population,88,Malta,3,Both,22,All ages,1,Number,2014,431400.9116818016,469178.33208635036,393369.279275386
44,Population,88,Malta,3,Both,22,All ages,1,Number,2015,433168.34174439154,473512.98424643435,394619.4706830738
44,Population,88,Malta,3,Both,22,All ages,1,Number,2016,434976.52067811036,480553.51558107295,392278.5514410519
44,Population,88,Malta,3,Both,22,All ages,1,Number,2017,436737.4840270941,482944.16819966893,394263.3775900075
44,Population,88,Malta,3,Both,22,All ages,1,Number,2018,438379.30482312455,486259.8724747837,390073.6453047144
44,Population,88,Malta,3,Both,22,All ages,1,Number,2019,439876.7204468087,490355.750481418,389797.35617866763
44,Population,88,Malta,3,Both,22,All ages,1,Number,2020,441199.2132237557,492712.84441726527,385432.993346189
44,Population,88,Malta,3,Both,22,All ages,1,Number,2021,442219.10948240495,500123.1608267808,384463.3037069965
44,Population,36,Kazakhstan,3,Both,22,All ages,1,Number,2010,16204593.873449497,16293107.243893636,16108996.447320104
44,Population,36,Kazakhstan,3,Both,22,All ages,1,Number,2011,16439699.45682074,16534193.235904759,16346569.11553964
44,Population,36,Kazakhstan,3,Both,22,All ages,1,Number,2012,16673682.30308677,16769293.732577268,16579661.003378732
44,Population,36,Kazakhstan,3,Both,22,All ages,1,Number,2013,16910718.42680216,17019542.25340166,16808572.753242616
44,Population,36,Kazakhstan,3,Both,22,All ages,1,Number,2014,17160778.180618443,17265150.642918438,17061762.421045054
44,Population,36,Kazakhstan,3,Both,22,All ages,1,Number,2015,17415571.370200504,17517873.150194574,17320261.775731225
44,Population,36,Kazakhstan,3,Both,22,All ages,1,Number,2016,17669998.885686163,17783084.18430867,17552186.95980488
44,Population,36,Kazakhstan,3,Both,22,All ages,1,Number,2017,17926925.32492523,19255361.070339236,16505516.355106968
44,Population,36,Kazakhstan,3,Both,22,All ages,1,Number,2018,18188330.392570686,19747529.974978738,16651096.335923297
44,Population,36,Kazakhstan,3,Both,22,All ages,1,Number,2019,18456280.333764624,19991168.10711025,16852755.6991993
44,Population,36,Kazakhstan,3,Both,22,All ages,1,Number,2020,18716891.469844263,20392384.215897217,16987422.709053818
44,Population,36,Kazakhstan,3,Both,22,All ages,1,Number,2021,18955521.200844068,20835250.869352378,17030120.573406562
44,Population,43,Albania,3,Both,22,All ages,1,Number,2010,2887537.9276249907,3106357.402848031,2672055.462558789
44,Population,43,Albania,3,Both,22,All ages,1,Number,2011,2866683.2272527623,3051998.4810493942,2650767.73172024
44,Population,43,Albania,3,Both,22,All ages,1,Number,2012,2848412.214818622,3068701.530822728,2644061.5518934582
44,Population,43,Albania,3,Both,22,All ages,1,Number,2013,2831519.9667409617,3034494.383268878,2596921.7281153505
44,Population,43,Albania,3,Both,22,All ages,1,Number,2014,2811551.5442386996,3041796.197859181,2540870.516820898
44,Population,43,Albania,3,Both,22,All ages,1,Number,2015,2783163.1895165765,3042052.530204649,2523903.8800231
44,Population,43,Albania,3,Both,22,All ages,1,Number,2016,2754742.1210430674,3010954.7304070396,2458855.533467249
44,Population,43,Albania,3,Both,22,All ages,1,Number,2017,2739941.576191499,3039955.7490684805,2445819.8415493206
44,Population,43,Albania,3,Both,22,All ages,1,Number,2018,2727322.6197633017,3038560.0500474116,2427775.4827390206
44,Population,43,Albania,3,Both,22,All ages,1,Number,2019,2708477.035158325,3008670.6861750847,2407721.1822931087
44,Population,43,Albania,3,Both,22,All ages,1,Number,2020,2688664.8417190774,3040007.686277645,2357510.723139558
44,Population,43,Albania,3,Both,22,All ages,1,Number,2021,2667861.9620425766,3020544.691610905,2315684.7839576304
44,Population,86,Italy,3,Both,22,All ages,1,Number,2010,60325306.92254592,60761666.19161055,59855128.9975176
44,Population,86,Italy,3,Both,22,All ages,1,Number,2011,60564660.879214086,60988005.93232827,60116272.7149349
44,Population,86,Italy,3,Both,22,All ages,1,Number,2012,60710639.43084494,65100490.56016664,56067210.027195916
44,Population,86,Italy,3,Both,22,All ages,1,Number,2013,60783277.00679222,65494549.89634365,56046413.05262304
44,Population,86,Italy,3,Both,22,All ages,1,Number,2014,60800879.55541511,61232677.908507556,60348647.19774012
44,Population,86,Italy,3,Both,22,All ages,1,Number,2015,60768766.81737765,61211954.870563306,60312454.855375715
44,Population,86,Italy,3,Both,22,All ages,1,Number,2016,60692488.097288854,61119561.68959631,60229677.926374756
44,Population,86,Italy,3,Both,22,All ages,1,Number,2017,60587235.2200187,61017258.44215428,60142298.85390662
44,Population,86,Italy,3,Both,22,All ages,1,Number,2018,60452471.95353284,65173738.07618155,56155723.41511092
44,Population,86,Italy,3,Both,22,All ages,1,Number,2019,60295448.147850424,64965202.73842854,55339423.42690475
44,Population,86,Italy,3,Both,22,All ages,1,Number,2020,60073251.23257177,65165862.83825118,54656156.861203454
44,Population,86,Italy,3,Both,22,All ages,1,Number,2021,59811452.40598395,65104916.08532392,54355469.1870054
44,Population,95,United Kingdom,3,Both,22,All ages,1,Number,2010,62914836.11817504,66828890.340542376,58940635.77603309
44,Population,95,United Kingdom,3,Both,22,All ages,1,Number,2011,63463389.93227565,67054779.90622363,60061070.77882615
44,Population,95,United Kingdom,3,Both,22,All ages,1,Number,2012,64004093.80416189,67882405.44861397,59967458.91295802
44,Population,95,United Kingdom,3,Both,22,All ages,1,Number,2013,64522765.639760494,68641054.17890236,60104495.93997887
44,Population,95,United Kingdom,3,Both,22,All ages,1,Number,2014,65026697.34527606,69694895.99287276,60028061.23616225
44,Population,95,United Kingdom,3,Both,22,All ages,1,Number,2015,65518093.3970774,70806385.38173963,60522891.91050884
44,Population,95,United Kingdom,3,Both,22,All ages,1,Number,2016,65990282.48648868,71032636.62444893,60762388.864811674
44,Population,95,United Kingdom,3,Both,22,All ages,1,Number,2017,66440001.62983838,71611538.54166894,61287222.03715773
44,Population,95,United Kingdom,3,Both,22,All ages,1,Number,2018,66859753.53540439,71633102.63328667,61506072.58347111
44,Population,95,United Kingdom,3,Both,22,All ages,1,Number,2019,67250111.95254552,71765845.06280121,62548165.790959045
44,Population,95,United Kingdom,3,Both,22,All ages,1,Number,2020,67578976.55457062,71900777.43699433,63178744.648377754
44,Population,95,United Kingdom,3,Both,22,All ages,1,Number,2021,67848390.10066181,71608235.02765489,63908520.63614619
44,Population,85,Israel,3,Both,22,All ages,1,Number,2010,7845894.469950301,8502809.311317539,7195627.514548634
44,Population,85,Israel,3,Both,22,All ages,1,Number,2011,8001492.807915812,8725026.91665565,7258317.67092759
44,Population,85,Israel,3,Both,22,All ages,1,Number,2012,8158194.919157829,8911471.154141653,7409010.090808554
44,Population,85,Israel,3,Both,22,All ages,1,Number,2013,8316609.33348206,9190972.251191314,7467832.814895737
44,Population,85,Israel,3,Both,22,All ages,1,Number,2014,8476260.757633226,9331933.498320257,7574570.943897954
44,Population,85,Israel,3,Both,22,All ages,1,Number,2015,8637308.605036123,9616690.794141114,7571010.300702913
44,Population,85,Israel,3,Both,22,All ages,1,Number,2016,8799971.203586873,9779687.948104069,7775569.99791397
44,Population,85,Israel,3,Both,22,All ages,1,Number,2017,8963001.6410196,10125049.066719703,7836800.0757794175
44,Population,85,Israel,3,Both,22,All ages,1,Number,2018,9124822.227025056,10342365.7140642,7932925.012582114
44,Population,85,Israel,3,Both,22,All ages,1,Number,2019,9283686.22385582,10521565.103019156,8141977.653087208
44,Population,85,Israel,3,Both,22,All ages,1,Number,2020,9439442.022415634,10727325.408211188,8104551.861162543
44,Population,85,Israel,3,Both,22,All ages,1,Number,2021,9593936.117063446,11047978.884862633,8199821.314736913
44,Population,90,Norway,3,Both,22,All ages,1,Number,2010,4864344.751003245,4908728.188759748,4824035.292708565
44,Population,90,Norway,3,Both,22,All ages,1,Number,2011,4926669.12805649,4969167.44728221,4885603.192487119
44,Population,90,Norway,3,Both,22,All ages,1,Number,2012,4989265.46937882,5034608.531318091,4947393.567848473
44,Population,90,Norway,3,Both,22,All ages,1,Number,2013,5050915.091073279,5093041.081146515,5003397.8393976865
44,Population,90,Norway,3,Both,22,All ages,1,Number,2014,5110247.762358801,5157410.30908743,5064226.663879271
44,Population,90,Norway,3,Both,22,All ages,1,Number,2015,5166339.0950680105,5213202.573945109,5120753.256585238
44,Population,90,Norway,3,Both,22,All ages,1,Number,2016,5217756.417999805,5263534.546933157,5171587.949186298
44,Population,90,Norway,3,Both,22,All ages,1,Number,2017,5264424.616165223,5316323.393237167,5215818.0360167455
44,Population,90,Norway,3,Both,22,All ages,1,Number,2018,5307156.193100714,5706813.241638016,4931960.86861377
44,Population,90,Norway,3,Both,22,All ages,1,Number,2019,5346384.595134602,5752263.907067462,4934322.215694157
44,Population,90,Norway,3,Both,22,All ages,1,Number,2020,5383237.130142425,5882980.64029026,4927286.040021255
44,Population,90,Norway,3,Both,22,All ages,1,Number,2021,5418070.186696545,5962797.805005819,4934365.146619938
44,Population,34,Azerbaijan,3,Both,22,All ages,1,Number,2010,9296785.005153451,9976034.332879117,8574000.747011611
44,Population,34,Azerbaijan,3,Both,22,All ages,1,Number,2011,9424234.681841062,10172007.937107403,8648357.6039637
44,Population,34,Azerbaijan,3,Both,22,All ages,1,Number,2012,9552400.945334297,10404729.788321424,8752187.665821888
44,Population,34,Azerbaijan,3,Both,22,All ages,1,Number,2013,9680235.969490316,10604907.48180727,8820841.845644291
44,Population,34,Azerbaijan,3,Both,22,All ages,1,Number,2014,9805938.689089185,10744206.89938404,8867706.33455758
44,Population,34,Azerbaijan,3,Both,22,All ages,1,Number,2015,9928066.123681238,10982868.78374825,8943047.005206512
44,Population,34,Azerbaijan,3,Both,22,All ages,1,Number,2016,10044681.423315015,11188383.214182612,8908223.4807505
44,Population,34,Azerbaijan,3,Both,22,All ages,1,Number,2017,10154522.458394954,11351522.180241,8902898.98436962
44,Population,34,Azerbaijan,3,Both,22,All ages,1,Number,2018,10257802.04796063,11511951.506852126,8906464.951855956
44,Population,34,Azerbaijan,3,Both,22,All ages,1,Number,2019,10355592.877135005,11727177.01626463,9020536.029151669
44,Population,34,Azerbaijan,3,Both,22,All ages,1,Number,2020,10436676.366801113,11819953.703960167,9064306.008149922
44,Population,34,Azerbaijan,3,Both,22,All ages,1,Number,2021,10500168.38135049,11992893.703692816,9081637.48116128
44,Population,92,Spain,3,Both,22,All ages,1,Number,2010,46975653.58545319,47278643.58540318,46668862.28549608
44,Population,92,Spain,3,Both,22,All ages,1,Number,2011,47149898.067771375,47452636.27741745,46851174.19750737
44,Population,92,Spain,3,Both,22,All ages,1,Number,2012,47172100.96186427,47478229.63038603,46864039.16490359
44,Population,92,Spain,3,Both,22,All ages,1,Number,2013,47075016.450158276,47393280.34420555,46754435.58368431
44,Population,92,Spain,3,Both,22,All ages,1,Number,2014,46913113.20726754,47199185.75361801,46595836.64822959
44,Population,92,Spain,3,Both,22,All ages,1,Number,2015,46735593.59091993,47040436.46755386,46452951.09197226
44,Population,92,Spain,3,Both,22,All ages,1,Number,2016,46560612.46499984,46881639.3812611,46254042.40487391
44,Population,92,Spain,3,Both,22,All ages,1,Number,2017,46381466.23972428,49859442.81174586,42862138.77600402
44,Population,92,Spain,3,Both,22,All ages,1,Number,2018,46194217.06321313,50124448.00350526,42493756.850011766
44,Population,92,Spain,3,Both,22,All ages,1,Number,2019,46002815.85156093,49961478.68384668,42071233.38824235
44,Population,92,Spain,3,Both,22,All ages,1,Number,2020,45780860.337549895,49864137.502507366,41757420.00576268
44,Population,92,Spain,3,Both,22,All ages,1,Number,2021,45549328.184396826,49913168.14617333,40964563.407357454
44,Population,396,San Marino,3,Both,22,All ages,1,Number,2010,31007.022362856187,33092.782897108824,28938.833518391093
44,Population,396,San Marino,3,Both,22,All ages,1,Number,2011,31280.445699431995,33599.32391437396,28947.201231000014
44,Population,396,San Marino,3,Both,22,All ages,1,Number,2012,31533.732567166404,34058.5928252279,28962.40201314984
44,Population,396,San Marino,3,Both,22,All ages,1,Number,2013,31764.70598018631,34464.359098928246,28865.173045180276
44,Population,396,San Marino,3,Both,22,All ages,1,Number,2014,31972.88566330455,34977.85135868382,28977.557312911835
44,Population,396,San Marino,3,Both,22,All ages,1,Number,2015,32154.246456952198,35357.78706705584,28796.745702754142
44,Population,396,San Marino,3,Both,22,All ages,1,Number,2016,32303.94773613147,35742.932525483346,28863.46997290266
44,Population,396,San Marino,3,Both,22,All ages,1,Number,2017,32425.684218852308,36250.7354957807,28823.955535366313
44,Population,396,San Marino,3,Both,22,All ages,1,Number,2018,32528.1158064794,36261.989573115025,28666.550736864003
44,Population,396,San Marino,3,Both,22,All ages,1,Number,2019,32615.4035565094,36646.74435478146,28467.911029258823
44,Population,396,San Marino,3,Both,22,All ages,1,Number,2020,32680.67957133312,36905.59684079809,28410.686779168096
44,Population,396,San Marino,3,Both,22,All ages,1,Number,2021,32740.07406421994,37378.354810175675,28354.713002699504
44,Population,94,Switzerland,3,Both,22,All ages,1,Number,2010,7962928.063366578,8032923.920754196,7887477.235381193
44,Population,94,Switzerland,3,Both,22,All ages,1,Number,2011,8053456.370401941,8129482.323665024,7975625.801254241
44,Population,94,Switzerland,3,Both,22,All ages,1,Number,2012,8146567.60420754,8223771.373787949,8071185.469587354
44,Population,94,Switzerland,3,Both,22,All ages,1,Number,2013,8241323.917105123,8321601.538247391,8167587.6634590505
44,Population,94,Switzerland,3,Both,22,All ages,1,Number,2014,8336886.4253422385,8416286.088667667,8256055.51080837
44,Population,94,Switzerland,3,Both,22,All ages,1,Number,2015,8431130.580030032,8511997.974878173,8351616.713325237
44,Population,94,Switzerland,3,Both,22,All ages,1,Number,2016,8522267.554557666,8604200.890923286,8439304.790590398
44,Population,94,Switzerland,3,Both,22,All ages,1,Number,2017,8610517.551190529,9229792.360013092,7923445.693544895
44,Population,94,Switzerland,3,Both,22,All ages,1,Number,2018,8695157.30214064,9398422.188916061,7980191.313643491
44,Population,94,Switzerland,3,Both,22,All ages,1,Number,2019,8776629.31077813,9566319.136463385,8022858.730112829
44,Population,94,Switzerland,3,Both,22,All ages,1,Number,2020,8851290.867924802,9650785.295820702,8016472.513334771
44,Population,94,Switzerland,3,Both,22,All ages,1,Number,2021,8922811.60766904,9863266.93867085,8053883.347617584
44,Population,44,Bosnia and Herzegovina,3,Both,22,All ages,1,Number,2010,3801585.818912246,4138291.437877162,3457524.7335007456
44,Population,44,Bosnia and Herzegovina,3,Both,22,All ages,1,Number,2011,3744124.7213900383,4045561.0179997147,3456430.517347178
44,Population,44,Bosnia and Herzegovina,3,Both,22,All ages,1,Number,2012,3689829.4848546074,3957807.8525692266,3407903.6704358277
44,Population,44,Bosnia and Herzegovina,3,Both,22,All ages,1,Number,2013,3643411.8622359997,3889652.042091717,3398792.0266821976
44,Population,44,Bosnia and Herzegovina,3,Both,22,All ages,1,Number,2014,3603382.5091491323,3878872.307252668,3333483.1763109337
44,Population,44,Bosnia and Herzegovina,3,Both,22,All ages,1,Number,2015,3560513.977648241,3860179.330272492,3280165.3915127027
44,Population,44,Bosnia and Herzegovina,3,Both,22,All ages,1,Number,2016,3515475.177059266,3811930.542514492,3211157.1167919044
44,Population,44,Bosnia and Herzegovina,3,Both,22,All ages,1,Number,2017,3472363.605214396,3800314.6916231327,3155424.859636394
44,Population,44,Bosnia and Herzegovina,3,Both,22,All ages,1,Number,2018,3430692.396503716,3777977.520424877,3086827.7323768274
44,Population,44,Bosnia and Herzegovina,3,Both,22,All ages,1,Number,2019,3390673.728987583,3749507.980378615,3030646.9420555118
44,Population,44,Bosnia and Herzegovina,3,Both,22,All ages,1,Number,2020,3349756.8021412552,3723075.224362167,2979159.5797265675
44,Population,44,Bosnia and Herzegovina,3,Both,22,All ages,1,Number,2021,3302863.695245446,3694138.1569749434,2900611.233033929
44,Population,46,Croatia,3,Both,22,All ages,1,Number,2010,4384801.096778373,4697938.423014459,4076711.4677470042
44,Population,46,Croatia,3,Both,22,All ages,1,Number,2011,4373010.895013919,4673760.794062755,4078196.2671645586
44,Population,46,Croatia,3,Both,22,All ages,1,Number,2012,4360567.964360549,4692900.052475085,4037927.6997987344
44,Population,46,Croatia,3,Both,22,All ages,1,Number,2013,4347926.518914487,4717303.7739413325,4001830.8506227527
44,Population,46,Croatia,3,Both,22,All ages,1,Number,2014,4334534.156170331,4732445.69044319,3944537.908041471
44,Population,46,Croatia,3,Both,22,All ages,1,Number,2015,4318679.922048514,4720924.877526868,3921396.136283433
44,Population,46,Croatia,3,Both,22,All ages,1,Number,2016,4302321.354455088,4698140.647079734,3878685.7637230083
44,Population,46,Croatia,3,Both,22,All ages,1,Number,2017,4286313.228592886,4737077.82464146,3847666.0285796933
44,Population,46,Croatia,3,Both,22,All ages,1,Number,2018,4269508.297802667,4732887.018205766,3831431.5074947425
44,Population,46,Croatia,3,Both,22,All ages,1,Number,2019,4252705.402148705,4769642.046880069,3752579.991456179
44,Population,46,Croatia,3,Both,22,All ages,1,Number,2020,4233335.859618129,4724327.48354164,3701663.73025172
44,Population,46,Croatia,3,Both,22,All ages,1,Number,2021,4208639.425213091,4748096.071570261,3675819.9706130875
44,Population,89,Netherlands,3,Both,22,All ages,1,Number,2010,16593357.30056774,16745538.574064903,16444425.257397933
44,Population,89,Netherlands,3,Both,22,All ages,1,Number,2011,16661668.008385805,16806694.331992272,16516102.250842016
44,Population,89,Netherlands,3,Both,22,All ages,1,Number,2012,16727831.88171623,16861733.12929116,16596774.161270898
44,Population,89,Netherlands,3,Both,22,All ages,1,Number,2013,16792512.774818204,16941694.670974866,16646493.431283219
44,Population,89,Netherlands,3,Both,22,All ages,1,Number,2014,16857686.82906224,17009129.11520633,16717584.881823462
44,Population,89,Netherlands,3,Both,22,All ages,1,Number,2015,16921695.849405877,17068295.768797323,16782773.249746285
44,Population,89,Netherlands,3,Both,22,All ages,1,Number,2016,16981991.688414183,17129329.98508127,16831494.554319646
44,Population,89,Netherlands,3,Both,22,All ages,1,Number,2017,17037957.370757632,17192897.37060792,16891572.759949263
44,Population,89,Netherlands,3,Both,22,All ages,1,Number,2018,17088783.01348512,18350242.335333075,15782943.999190437
44,Population,89,Netherlands,3,Both,22,All ages,1,Number,2019,17136136.235734843,18591202.113833576,15655993.60867195
44,Population,89,Netherlands,3,Both,22,All ages,1,Number,2020,17176116.787541885,18693888.569193482,15720846.888971014
44,Population,89,Netherlands,3,Both,22,All ages,1,Number,2021,17210661.798023704,18893093.03740577,15589211.532735499
44,Population,48,Hungary,3,Both,22,All ages,1,Number,2010,9961693.59547332,10689349.102186894,9204349.794582378
44,Population,48,Hungary,3,Both,22,All ages,1,Number,2011,9931932.515913393,10564226.938793715,9257364.120474169
44,Population,48,Hungary,3,Both,22,All ages,1,Number,2012,9901885.122272199,10656436.276705703,9154788.27986508
44,Population,48,Hungary,3,Both,22,All ages,1,Number,2013,9873087.385836832,10659481.372973774,9072621.445539575
44,Population,48,Hungary,3,Both,22,All ages,1,Number,2014,9845432.99901916,10736275.961441966,9005412.220017867
44,Population,48,Hungary,3,Both,22,All ages,1,Number,2015,9816133.71922288,10747417.174274309,8917794.113333423
44,Population,48,Hungary,3,Both,22,All ages,1,Number,2016,9786440.89153419,10774844.828974314,8832099.527902348
44,Population,48,Hungary,3,Both,22,All ages,1,Number,2017,9755910.645750603,10816903.24181736,8764795.672851404
44,Population,48,Hungary,3,Both,22,All ages,1,Number,2018,9722543.075854719,10797760.230910735,8767244.206018545
44,Population,48,Hungary,3,Both,22,All ages,1,Number,2019,9688911.428895889,10805096.014220774,8528321.741223928
44,Population,48,Hungary,3,Both,22,All ages,1,Number,2020,9649797.70600863,10846531.13111242,8398672.088531863
44,Population,48,Hungary,3,Both,22,All ages,1,Number,2021,9597310.37319277,10869060.779069297,8426135.618159285
44,Population,50,Montenegro,3,Both,22,All ages,1,Number,2010,632595.37942752,679026.3858022811,584429.966335069
44,Population,50,Montenegro,3,Both,22,All ages,1,Number,2011,631501.764032226,674524.6089958594,591060.0330619467
44,Population,50,Montenegro,3,Both,22,All ages,1,Number,2012,630368.9319149925,675765.3671245788,582558.5695645004
44,Population,50,Montenegro,3,Both,22,All ages,1,Number,2013,629295.2975975871,680617.3019383061,580184.0704262244
44,Population,50,Montenegro,3,Both,22,All ages,1,Number,2014,628254.2899961985,682466.2214534912,571604.8762348812
44,Population,50,Montenegro,3,Both,22,All ages,1,Number,2015,627208.0247223792,686829.1071545476,566751.8524729545
44,Population,50,Montenegro,3,Both,22,All ages,1,Number,2016,626101.8216574376,685116.3179263393,563555.1029711794
44,Population,50,Montenegro,3,Both,22,All ages,1,Number,2017,624921.800211871,691839.5823425009,557070.8236037755
44,Population,50,Montenegro,3,Both,22,All ages,1,Number,2018,623724.1370171271,690155.1284309784,555496.4577517875
44,Population,50,Montenegro,3,Both,22,All ages,1,Number,2019,622516.5761298795,697994.5902563084,547796.1241375224
44,Population,50,Montenegro,3,Both,22,All ages,1,Number,2020,620805.4956517986,697147.1488014042,540876.0001865159
44,Population,50,Montenegro,3,Both,22,All ages,1,Number,2021,618060.3127515384,701051.6457467177,540273.8064298389
44,Population,45,Bulgaria,3,Both,22,All ages,1,Number,2010,7435781.852523166,7481382.629779713,7387933.443895565
44,Population,45,Bulgaria,3,Both,22,All ages,1,Number,2011,7358780.9297092445,7407544.280336094,7308017.060277725
44,Population,45,Bulgaria,3,Both,22,All ages,1,Number,2012,7292494.219133474,7335818.182530048,7247207.089994173
44,Population,45,Bulgaria,3,Both,22,All ages,1,Number,2013,7238201.751609995,7285935.169064312,7187593.054843837
44,Population,45,Bulgaria,3,Both,22,All ages,1,Number,2014,7189378.689038607,7239665.340859345,7142303.964839722
44,Population,45,Bulgaria,3,Both,22,All ages,1,Number,2015,7141050.253765573,7190710.026967177,7093709.965953841
44,Population,45,Bulgaria,3,Both,22,All ages,1,Number,2016,7092292.435566833,7140471.864175524,7041063.5170591995
44,Population,45,Bulgaria,3,Both,22,All ages,1,Number,2017,7041911.5214944165,7565490.098610156,6520524.376450666
44,Population,45,Bulgaria,3,Both,22,All ages,1,Number,2018,6989759.66079894,7534361.224012424,6442010.972906905
44,Population,45,Bulgaria,3,Both,22,All ages,1,Number,2019,6936678.7574941255,7556117.957140562,6361837.514652111
44,Population,45,Bulgaria,3,Both,22,All ages,1,Number,2020,6872909.926521182,7484864.816581126,6263047.109514027
44,Population,45,Bulgaria,3,Both,22,All ages,1,Number,2021,6786933.061145688,7429410.654673207,6074924.518411855
44,Population,47,Czechia,3,Both,22,All ages,1,Number,2010,10473686.27217619,10555098.824939726,10397770.221051844
44,Population,47,Czechia,3,Both,22,All ages,1,Number,2011,10500800.484729273,10581952.661647454,10424571.695113085
44,Population,47,Czechia,3,Both,22,All ages,1,Number,2012,10522720.894649388,10610205.6362483,10437088.541971566
44,Population,47,Czechia,3,Both,22,All ages,1,Number,2013,10542073.530436223,10621910.802602286,10460758.259275774
44,Population,47,Czechia,3,Both,22,All ages,1,Number,2014,10561514.988902148,10652542.824262846,10485599.958997143
44,Population,47,Czechia,3,Both,22,All ages,1,Number,2015,10581021.210191404,10663760.722487878,10497055.566417003
44,Population,47,Czechia,3,Both,22,All ages,1,Number,2016,10599954.226625377,10680377.599047171,10523809.733630577
44,Population,47,Czechia,3,Both,22,All ages,1,Number,2017,10618261.116088834,10697350.573518857,10538722.374060525
44,Population,47,Czechia,3,Both,22,All ages,1,Number,2018,10633995.032177227,11440639.576204946,9825877.751006935
44,Population,47,Czechia,3,Both,22,All ages,1,Number,2019,10646243.531863904,11503078.293490918,9781633.492358686
44,Population,47,Czechia,3,Both,22,All ages,1,Number,2020,10647069.430995084,11549162.954443838,9744268.094393723
44,Population,47,Czechia,3,Both,22,All ages,1,Number,2021,10632383.165547736,11611228.233291974,9668178.807343477
44,Population,93,Sweden,3,Both,22,All ages,1,Number,2010,9423509.407726629,9496358.749521326,9341777.022876844
44,Population,93,Sweden,3,Both,22,All ages,1,Number,2011,9505887.16503756,9587992.693568043,9428601.221874705
44,Population,93,Sweden,3,Both,22,All ages,1,Number,2012,9590918.224876743,9669109.007120285,9510883.122040512
44,Population,93,Sweden,3,Both,22,All ages,1,Number,2013,9679777.113638412,9757472.250888333,9598593.216442809
44,Population,93,Sweden,3,Both,22,All ages,1,Number,2014,9772348.094791522,9858433.96607653,9695235.08965527
44,Population,93,Sweden,3,Both,22,All ages,1,Number,2015,9866896.656851368,9954256.739781126,9778026.125063771
44,Population,93,Sweden,3,Both,22,All ages,1,Number,2016,9960810.526887782,10041864.291489718,9872894.418425484
44,Population,93,Sweden,3,Both,22,All ages,1,Number,2017,10051318.710610803,10734259.813175974,9345326.437410126
44,Population,93,Sweden,3,Both,22,All ages,1,Number,2018,10138343.367732117,10950402.378079845,9308503.167235436
44,Population,93,Sweden,3,Both,22,All ages,1,Number,2019,10222753.825598102,11127970.018646125,9312208.860848105
44,Population,93,Sweden,3,Both,22,All ages,1,Number,2020,10300025.390540328,11284357.822488822,9327266.281944383
44,Population,93,Sweden,3,Both,22,All ages,1,Number,2021,10373513.223420853,11397179.623533916,9389199.317097997
44,Population,54,Slovakia,3,Both,22,All ages,1,Number,2010,5410015.804231126,5451438.129619602,5370499.634518075
44,Population,54,Slovakia,3,Both,22,All ages,1,Number,2011,5415223.817393908,5454100.3520434,5375046.365756371
44,Population,54,Slovakia,3,Both,22,All ages,1,Number,2012,5418113.122223847,5461081.590901557,5378051.242388397
44,Population,54,Slovakia,3,Both,22,All ages,1,Number,2013,5420035.590327326,5461540.501930362,5378138.680827255
44,Population,54,Slovakia,3,Both,22,All ages,1,Number,2014,5422308.390700933,5463457.102006598,5384086.919907864
44,Population,54,Slovakia,3,Both,22,All ages,1,Number,2015,5424779.5708884755,5465641.973507957,5383771.226628277
44,Population,54,Slovakia,3,Both,22,All ages,1,Number,2016,5428218.280753875,5468421.870962311,5386116.252149357
44,Population,54,Slovakia,3,Both,22,All ages,1,Number,2017,5432394.7698837435,5834828.065933206,5018228.168065711
44,Population,54,Slovakia,3,Both,22,All ages,1,Number,2018,5435756.565869591,5843229.3337956425,4998951.813038679
44,Population,54,Slovakia,3,Both,22,All ages,1,Number,2019,5438906.729070923,5925389.398811202,4971520.389407743
44,Population,54,Slovakia,3,Both,22,All ages,1,Number,2020,5439137.689253752,5965438.359116301,4938875.416123798
44,Population,54,Slovakia,3,Both,22,All ages,1,Number,2021,5429455.079845927,5959556.978209405,4895792.825000427
44,Population,49,North Macedonia,3,Both,22,All ages,1,Number,2010,2142861.06785283,2393080.2215625015,1880613.7290389272
44,Population,49,North Macedonia,3,Both,22,All ages,1,Number,2011,2148788.990163442,2417069.4447332863,1899461.005608566
44,Population,49,North Macedonia,3,Both,22,All ages,1,Number,2012,2154109.886851859,2443601.6384477247,1883799.5351818604
44,Population,49,North Macedonia,3,Both,22,All ages,1,Number,2013,2160058.257646035,2458722.767020894,1865104.326306244
44,Population,49,North Macedonia,3,Both,22,All ages,1,Number,2014,2167051.7650014046,2488660.517661418,1840147.8262714355
44,Population,49,North Macedonia,3,Both,22,All ages,1,Number,2015,2170245.412669193,2487102.0999435885,1839995.896911636
44,Population,49,North Macedonia,3,Both,22,All ages,1,Number,2016,2171321.67336743,2514696.028862047,1821879.1208453397
44,Population,49,North Macedonia,3,Both,22,All ages,1,Number,2017,2176734.069066846,2525801.36442187,1827103.7256751505
44,Population,49,North Macedonia,3,Both,22,All ages,1,Number,2018,2182625.2874260526,2552398.53964759,1784425.6532974732
44,Population,49,North Macedonia,3,Both,22,All ages,1,Number,2019,2185210.7277545193,2565762.4213647298,1812403.3905348708
44,Population,49,North Macedonia,3,Both,22,All ages,1,Number,2020,2183271.511051391,2604954.3871565154,1785549.8544777187
44,Population,49,North Macedonia,3,Both,22,All ages,1,Number,2021,2176435.003604734,2587977.966500055,1797240.18158394
44,Population,52,Romania,3,Both,22,All ages,1,Number,2010,20687044.75397388,22317874.87242175,19157034.90064055
44,Population,52,Romania,3,Both,22,All ages,1,Number,2011,20510479.54756366,21912960.132383827,19134584.631948486
44,Population,52,Romania,3,Both,22,All ages,1,Number,2012,20341336.546720516,21888285.77724968,18931346.371641755
44,Population,52,Romania,3,Both,22,All ages,1,Number,2013,20185458.62343807,21829068.3365928,18563295.304356597
44,Population,52,Romania,3,Both,22,All ages,1,Number,2014,20017345.9557597,21670120.791741192,18314861.21000168
44,Population,52,Romania,3,Both,22,All ages,1,Number,2015,19824824.815259427,21695077.350633036,17995692.370353065
44,Population,52,Romania,3,Both,22,All ages,1,Number,2016,19656277.62903781,21695520.143677283,17772842.566526502
44,Population,52,Romania,3,Both,22,All ages,1,Number,2017,19523332.85683231,21619856.140665263,17429736.66658286
44,Population,52,Romania,3,Both,22,All ages,1,Number,2018,19392468.38560464,21654081.160378207,17197969.140493277
44,Population,52,Romania,3,Both,22,All ages,1,Number,2019,19263264.550159305,21571844.208344158,17053236.817011047
44,Population,52,Romania,3,Both,22,All ages,1,Number,2020,19117661.56021766,21439329.97539637,16667930.351166716
44,Population,52,Romania,3,Both,22,All ages,1,Number,2021,18938555.14908574,21513218.771333408,16520169.004624918
44,Population,58,Estonia,3,Both,22,All ages,1,Number,2010,1332331.0659295537,1342628.0648912222,1322023.7879977461
44,Population,58,Estonia,3,Both,22,All ages,1,Number,2011,1328632.732717374,1338516.117456492,1319316.2360998131
44,Population,58,Estonia,3,Both,22,All ages,1,Number,2012,1324226.0574629959,1333906.2293480958,1314774.4562663215
44,Population,58,Estonia,3,Both,22,All ages,1,Number,2013,1320105.4484433562,1330253.5682260946,1310606.0022935213
44,Population,58,Estonia,3,Both,22,All ages,1,Number,2014,1316978.1448966512,1326897.45781008,1307235.0151271739
44,Population,58,Estonia,3,Both,22,All ages,1,Number,2015,1315310.2821274567,1325975.0512256566,1304609.4931571458
44,Population,58,Estonia,3,Both,22,All ages,1,Number,2016,1314826.830000445,1325393.9483244447,1303799.2887685497
44,Population,58,Estonia,3,Both,22,All ages,1,Number,2017,1314773.3775634344,1325755.887676593,1304099.4807227803
44,Population,58,Estonia,3,Both,22,All ages,1,Number,2018,1314879.473012401,1411734.1804946992,1217992.9668946217
44,Population,58,Estonia,3,Both,22,All ages,1,Number,2019,1314645.573545355,1417942.4292756412,1206440.4269865192
44,Population,58,Estonia,3,Both,22,All ages,1,Number,2020,1313779.1348128237,1423805.5451026137,1210082.8612720598
44,Population,58,Estonia,3,Both,22,All ages,1,Number,2021,1310833.8831970918,1432717.5912105546,1188263.9740187947
44,Population,60,Lithuania,3,Both,22,All ages,1,Number,2010,3091640.4756102166,3311780.9897057777,2840645.3683242137
44,Population,60,Lithuania,3,Both,22,All ages,1,Number,2011,3052770.995494523,3245770.0685804137,2863452.4946979275
44,Population,60,Lithuania,3,Both,22,All ages,1,Number,2012,3015790.4101391626,3234983.7862659786,2785777.921956979
44,Population,60,Lithuania,3,Both,22,All ages,1,Number,2013,2980341.5424808846,3219486.2314917436,2745776.268819712
44,Population,60,Lithuania,3,Both,22,All ages,1,Number,2014,2946907.841191659,3176053.091514352,2731645.9777997225
44,Population,60,Lithuania,3,Both,22,All ages,1,Number,2015,2914902.944416842,2937891.637527294,2891628.0194466054
44,Population,60,Lithuania,3,Both,22,All ages,1,Number,2016,2882970.002399625,2906025.9396102694,2861311.413697012
44,Population,60,Lithuania,3,Both,22,All ages,1,Number,2017,2852163.7279855586,2877519.252532939,2830533.0573460986
44,Population,60,Lithuania,3,Both,22,All ages,1,Number,2018,2822829.209183145,3030109.8751141415,2605363.1121615856
44,Population,60,Lithuania,3,Both,22,All ages,1,Number,2019,2794134.746113757,3025967.5059357337,2574672.6431140867
44,Population,60,Lithuania,3,Both,22,All ages,1,Number,2020,2763280.799588243,3015320.1968111903,2526338.288482188
44,Population,60,Lithuania,3,Both,22,All ages,1,Number,2021,2728300.437598287,3006130.360949129,2476071.665097556
44,Population,62,Russian Federation,3,Both,22,All ages,1,Number,2010,145349843.81310782,155215279.587583,135463223.7024467
44,Population,62,Russian Federation,3,Both,22,All ages,1,Number,2011,145394578.7811292,155761657.54078066,134326085.3739278
44,Population,62,Russian Federation,3,Both,22,All ages,1,Number,2012,145537120.82661322,157885622.95481896,133520773.22273947
44,Population,62,Russian Federation,3,Both,22,All ages,1,Number,2013,145719123.5122907,157811482.78690603,133255615.27517687
44,Population,62,Russian Federation,3,Both,22,All ages,1,Number,2014,145893866.82742715,159863288.52053976,132530826.0188418
44,Population,62,Russian Federation,3,Both,22,All ages,1,Number,2015,146038647.42516503,159948212.10726213,131513597.97813006
44,Population,62,Russian Federation,3,Both,22,All ages,1,Number,2016,146129017.30508405,161535108.50568455,130173432.76706417
44,Population,62,Russian Federation,3,Both,22,All ages,1,Number,2017,146150957.3690579,162355124.2770197,129955102.12656951
44,Population,62,Russian Federation,3,Both,22,All ages,1,Number,2018,146090509.58409497,164092381.0063622,128477050.77469929
44,Population,62,Russian Federation,3,Both,22,All ages,1,Number,2019,145939139.88535446,164296386.17563295,128165916.48894404
44,Population,62,Russian Federation,3,Both,22,All ages,1,Number,2020,145574315.14432633,164875104.97452554,126721980.86327203
44,Population,62,Russian Federation,3,Both,22,All ages,1,Number,2021,144853838.7501741,163580565.15592572,124993275.5559754
44,Population,53,Serbia,3,Both,22,All ages,1,Number,2010,9113762.620512946,9775185.629002204,8443550.747838488
44,Population,53,Serbia,3,Both,22,All ages,1,Number,2011,9098555.371987808,9685320.439057622,8440585.707490176
44,Population,53,Serbia,3,Both,22,All ages,1,Number,2012,9091156.356753282,9770837.541332986,8441069.547000386
44,Population,53,Serbia,3,Both,22,All ages,1,Number,2013,9102404.263739133,9875863.473718615,8340763.311942545
44,Population,53,Serbia,3,Both,22,All ages,1,Number,2014,9119967.553110098,9953019.744008185,8288844.988394743
44,Population,53,Serbia,3,Both,22,All ages,1,Number,2015,9099766.623474797,9993180.065768674,8185395.9207000155
44,Population,53,Serbia,3,Both,22,All ages,1,Number,2016,9069107.193722783,10021622.273764623,8150691.32528938
44,Population,53,Serbia,3,Both,22,All ages,1,Number,2017,9057928.66870785,10041842.844995603,8011167.135051602
44,Population,53,Serbia,3,Both,22,All ages,1,Number,2018,9041747.24083002,10000775.197266586,7959317.765054751
44,Population,53,Serbia,3,Both,22,All ages,1,Number,2019,9014900.143679237,10029061.023533482,8069599.7772723185
44,Population,53,Serbia,3,Both,22,All ages,1,Number,2020,8975814.069905212,10144740.862719325,7869861.45615872
44,Population,53,Serbia,3,Both,22,All ages,1,Number,2021,8919508.964871261,10032942.199201856,7752148.3179723825
44,Population,57,Belarus,3,Both,22,All ages,1,Number,2010,9655447.904095184,10407074.109116722,8896173.53219048
44,Population,57,Belarus,3,Both,22,All ages,1,Number,2011,9619105.179417208,10399319.665797792,8877391.21657802
44,Population,57,Belarus,3,Both,22,All ages,1,Number,2012,9592677.20441299,10431676.9389687,8758224.651212787
44,Population,57,Belarus,3,Both,22,All ages,1,Number,2013,9575427.380491268,10421026.974131191,8744340.63550511
44,Population,57,Belarus,3,Both,22,All ages,1,Number,2014,9560438.735544851,10555730.218513772,8579435.589561589
44,Population,57,Belarus,3,Both,22,All ages,1,Number,2015,9548359.202667855,10611655.81679046,8561646.805162057
44,Population,57,Belarus,3,Both,22,All ages,1,Number,2016,9534273.412511675,10561357.325213302,8494988.526869971
44,Population,57,Belarus,3,Both,22,All ages,1,Number,2017,9513693.00103258,10575084.622249102,8400523.79371394
44,Population,57,Belarus,3,Both,22,All ages,1,Number,2018,9485592.115865102,10687572.151892694,8346623.481788644
44,Population,57,Belarus,3,Both,22,All ages,1,Number,2019,9449997.443780014,10620901.451411746,8300543.026925085
44,Population,57,Belarus,3,Both,22,All ages,1,Number,2020,9398586.130272305,10640500.427116895,8123063.894237466
44,Population,57,Belarus,3,Both,22,All ages,1,Number,2021,9324657.46768948,10621558.949765274,8020721.155037568
44,Population,61,Republic of Moldova,3,Both,22,All ages,1,Number,2010,3846882.9839917785,4264320.318176944,3428980.5805605333
44,Population,61,Republic of Moldova,3,Both,22,All ages,1,Number,2011,3822046.429013492,4229249.223906075,3417565.325101626
44,Population,61,Republic of Moldova,3,Both,22,All ages,1,Number,2012,3800072.8606361886,4227676.821836226,3343876.9093783936
44,Population,61,Republic of Moldova,3,Both,22,All ages,1,Number,2013,3779108.3640066916,4309059.347028905,3336499.9832769497
44,Population,61,Republic of Moldova,3,Both,22,All ages,1,Number,2014,3758106.5264501357,4242624.649238613,3267449.570454487
44,Population,61,Republic of Moldova,3,Both,22,All ages,1,Number,2015,3735730.243266838,4286901.333358302,3211528.550479866
44,Population,61,Republic of Moldova,3,Both,22,All ages,1,Number,2016,3713208.5174801243,4256796.773920248,3169805.8442121428
44,Population,61,Republic of Moldova,3,Both,22,All ages,1,Number,2017,3692003.7254704745,4242810.107827447,3125617.249173201
44,Population,61,Republic of Moldova,3,Both,22,All ages,1,Number,2018,3671037.982587711,4235377.817670227,3094351.410056812
44,Population,61,Republic of Moldova,3,Both,22,All ages,1,Number,2019,3649240.351646081,4281729.82308208,3062914.593790106
44,Population,61,Republic of Moldova,3,Both,22,All ages,1,Number,2020,3624436.3279864667,4199958.752097192,3017687.302130499
44,Population,61,Republic of Moldova,3,Both,22,All ages,1,Number,2021,3593444.2054054877,4191588.1128126346,2972774.5249712276
44,Population,51,Poland,3,Both,22,All ages,1,Number,2010,38381664.94797168,38650014.209098116,38118981.725579396
44,Population,51,Poland,3,Both,22,All ages,1,Number,2011,38421909.963364616,38699120.19944901,38147862.91111514
44,Population,51,Poland,3,Both,22,All ages,1,Number,2012,38445037.096205264,38726379.460385665,38183279.207554795
44,Population,51,Poland,3,Both,22,All ages,1,Number,2013,38454262.97625443,38723803.509654164,38184610.6814222
44,Population,51,Poland,3,Both,22,All ages,1,Number,2014,38460899.51854464,38725304.69211405,38196134.76300767
44,Population,51,Poland,3,Both,22,All ages,1,Number,2015,38465411.68709468,38740982.77230022,38185855.27048003
44,Population,51,Poland,3,Both,22,All ages,1,Number,2016,38471263.75893587,38749294.107411824,38179170.53934013
44,Population,51,Poland,3,Both,22,All ages,1,Number,2017,38478651.20646403,38759905.91560188,38202198.31983488
44,Population,51,Poland,3,Both,22,All ages,1,Number,2018,38471314.70236736,41326906.15238114,35678501.26967366
44,Population,51,Poland,3,Both,22,All ages,1,Number,2019,38445070.473518334,41376713.02400801,35388405.244933344
44,Population,51,Poland,3,Both,22,All ages,1,Number,2020,38372694.10099859,41746874.25290591,35211367.149235696
44,Population,51,Poland,3,Both,22,All ages,1,Number,2021,38238455.52324434,41891096.906467065,34552416.87045418
44,Population,55,Slovenia,3,Both,22,All ages,1,Number,2010,2041072.830831273,2057974.562288116,2024458.4480239786
44,Population,55,Slovenia,3,Both,22,All ages,1,Number,2011,2048155.4370508066,2063268.917797667,2032047.3743009842
44,Population,55,Slovenia,3,Both,22,All ages,1,Number,2012,2054199.5153131285,2069856.2595805887,2038286.2134921404
44,Population,55,Slovenia,3,Both,22,All ages,1,Number,2013,2059186.9258297964,2075712.1437894204,2043271.5490143732
44,Population,55,Slovenia,3,Both,22,All ages,1,Number,2014,2063801.074613327,2079846.0934322968,2048124.6706811937
44,Population,55,Slovenia,3,Both,22,All ages,1,Number,2015,2067660.6236884657,2083605.0580028498,2051160.546281156
44,Population,55,Slovenia,3,Both,22,All ages,1,Number,2016,2070395.9858982952,2087086.437601599,2053779.1747198354
44,Population,55,Slovenia,3,Both,22,All ages,1,Number,2017,2072307.4453528307,2090193.3914925552,2055955.012790373
44,Population,55,Slovenia,3,Both,22,All ages,1,Number,2018,2073438.4250270324,2226958.339868417,1908894.8472974407
44,Population,55,Slovenia,3,Both,22,All ages,1,Number,2019,2073994.2651314759,2242936.560828308,1914187.3410113906
44,Population,55,Slovenia,3,Both,22,All ages,1,Number,2020,2072558.0305973566,2254732.7186773173,1902902.7355406957
44,Population,55,Slovenia,3,Both,22,All ages,1,Number,2021,2069651.4753263285,2250793.2766007916,1886194.5781478162
44,Population,59,Latvia,3,Both,22,All ages,1,Number,2010,2115921.760424251,2131286.106270442,2100480.0369853694
44,Population,59,Latvia,3,Both,22,All ages,1,Number,2011,2085035.8415107417,2100657.429591765,2069657.9440096826
44,Population,59,Latvia,3,Both,22,All ages,1,Number,2012,2056661.3297777774,2071516.3044402066,2041328.0497906741
44,Population,59,Latvia,3,Both,22,All ages,1,Number,2013,2030996.247427297,2046143.8192758532,2015723.2842358146
44,Population,59,Latvia,3,Both,22,All ages,1,Number,2014,2008172.7028728956,2022998.9213545234,1992816.6225362837
44,Population,59,Latvia,3,Both,22,All ages,1,Number,2015,1987896.3538450275,2001728.351693961,1973149.1206842784
44,Population,59,Latvia,3,Both,22,All ages,1,Number,2016,1968786.1408356873,1984220.1602680518,1952813.508899766
44,Population,59,Latvia,3,Both,22,All ages,1,Number,2017,1949768.3152734514,1965507.3627486164,1934549.4552466366
44,Population,59,Latvia,3,Both,22,All ages,1,Number,2018,1930562.5299045483,2067904.1525987245,1795128.8315816894
44,Population,59,Latvia,3,Both,22,All ages,1,Number,2019,1911813.828163734,2067690.2841241672,1756931.2449966467
44,Population,59,Latvia,3,Both,22,All ages,1,Number,2020,1892857.1978839012,2057125.263103705,1728866.844033728
44,Population,59,Latvia,3,Both,22,All ages,1,Number,2021,1870327.8878070735,2049369.467264938,1698115.6199053843
44,Population,63,Ukraine,3,Both,22,All ages,1,Number,2010,46078040.96082918,51749165.12572488,40513952.067063816
44,Population,63,Ukraine,3,Both,22,All ages,1,Number,2011,45892495.65066472,51541338.724484146,39809660.17098514
44,Population,63,Ukraine,3,Both,22,All ages,1,Number,2012,45717956.43321613,51865706.75759891,39291585.35597259
44,Population,63,Ukraine,3,Both,22,All ages,1,Number,2013,45528810.53383247,51856011.70545357,39079997.442934856
44,Population,63,Ukraine,3,Both,22,All ages,1,Number,2014,45314166.98583865,51800857.325528696,38621998.08216708
44,Population,63,Ukraine,3,Both,22,All ages,1,Number,2015,45076412.83902895,52214269.05984358,37731423.30945483
44,Population,63,Ukraine,3,Both,22,All ages,1,Number,2016,44815688.37894585,52181569.28712319,37232220.78270094
44,Population,63,Ukraine,3,Both,22,All ages,1,Number,2017,44526888.42464073,51656226.75711082,37052611.1473706
44,Population,63,Ukraine,3,Both,22,All ages,1,Number,2018,44208807.74208453,51638289.72056283,36914473.25015594
44,Population,63,Ukraine,3,Both,22,All ages,1,Number,2019,43865486.4295264,52058621.26704104,35601321.974101774
44,Population,63,Ukraine,3,Both,22,All ages,1,Number,2020,43504149.2129539,51405543.48757172,35577902.84623461
44,Population,63,Ukraine,3,Both,22,All ages,1,Number,2021,43077810.631947994,51395396.64240336,34632975.19925576
